--
-- PostgreSQL database dump
--

-- Dumped from database version 15.2 (Ubuntu 15.2-1.pgdg22.04+1)
-- Dumped by pg_dump version 15.2 (Ubuntu 15.2-1.pgdg22.04+1)

SET statement_timeout = 0;
SET lock_timeout = 0;
SET idle_in_transaction_session_timeout = 0;
SET client_encoding = 'UTF8';
SET standard_conforming_strings = on;
SELECT pg_catalog.set_config('search_path', '', false);
SET check_function_bodies = false;
SET xmloption = content;
SET client_min_messages = warning;
SET row_security = off;

--
-- Data for Name: actionObjects; Type: TABLE DATA; Schema: public; Owner: postgres
--
COPY public.user_roles (id, name) FROM stdin;
1	Администратор
\.
COPY public.groups (id, name, created_at, updated_at) FROM stdin;
1	УФК	now()	now()
\.
COPY public.users (id, name, surname, patronymic, email, password, is_online, phone, "created_at", "updated_at", email_verified_at, role_id, group_id) FROM stdin;
1	Джамиль	Мамедов	Рафигович	mr.jam18@yandex.ru	$2b$04$qH.ugIzR6.us.3e9V6l0YuPiBphbY67l4yU64PpmdfulbTx47vDjm	f	+79821174497	now()	now()	\N	1	1
\.
COPY public."action_objects" (id, name) FROM stdin;
1	судебный приказ
2	Платеж
3	Название договора
4	дата выдачи
5	дата исполнения
6	сумма выдачи
7	процентная ставка
8	размер неустойки
9	номер договора
10	комментарий
11	исковое заявление
12	статус
13	заявление о возбуждении ИП
14	файл
\.


--
-- Data for Name: actionTypes; Type: TABLE DATA; Schema: public; Owner: postgres
--

COPY public."action_types" (id, name) FROM stdin;
1	создание
2	добавление
3	удаление
4	изменение
\.


--
-- Data for Name: areas; Type: TABLE DATA; Schema: public; Owner: postgres
--

COPY public.areas (id, name) FROM stdin;
1	Дебёсский р-н
\.


--
-- Data for Name: bankRequisites; Type: TABLE DATA; Schema: public; Owner: postgres
--

COPY public."bank_requisites" (id, name, "BIK") FROM stdin;
1	Филиал ПАО "Банк Уралсиб" в г. Уфа	048073770
\.


--
-- Data for Name: block_types; Type: TABLE DATA; Schema: public; Owner: postgres
--

COPY public.block_types (id, name, short) FROM stdin;
1	корпус	к
\.



--
-- Data for Name: cessions; Type: TABLE DATA; Schema: public; Owner: postgres
--

COPY public.cession_groups (id, name, "created_at", "updated_at", "user_id") FROM stdin;
6	переименование ООО МКК "УФК" в ООО "УФК"	2022-12-22 14:08:30.814+04	2022-12-22 14:08:30.814+04	1
7	дог. № 30/19 от 15.01.2019 г. ООО МКК "УФК" - Тутулин В. Г.	2022-12-22 14:08:30.814+04	2022-12-22 14:08:30.814+04	1
8	переименование ООО МФО "УФК" - ООО "УФК"	2022-12-22 14:08:30.814+04	2022-12-22 14:08:30.814+04	1
\.


--
-- Data for Name: city_types; Type: TABLE DATA; Schema: public; Owner: postgres
--

COPY public.settlement_types (id, name, short) FROM stdin;
1	город	г
2	деревня	д
3	село	с
\.


--
-- Data for Name: cities; Type: TABLE DATA; Schema: public; Owner: postgres
--

COPY public.settlements (id, name) FROM stdin;
1	Ижевск
2	Бор
3	Москва
4	Нижний Новгород
5	Сюрногурт
6	Дебёсы
\.


--
-- Data for Name: contract_types; Type: TABLE DATA; Schema: public; Owner: postgres
--

COPY public.contract_types (id, name) FROM stdin;
1	loan
2	credit
\.


--
-- Data for Name: creditorTypes; Type: TABLE DATA; Schema: public; Owner: postgres
--

COPY public."creditor_types" (id, name) FROM stdin;
1	Микрофинансовая организация
2	Банк
3	Физическое лицо
\.


--
-- Data for Name: flat_types; Type: TABLE DATA; Schema: public; Owner: postgres
--

COPY public.flat_types (id, name, short) FROM stdin;
1	квартира	кв
2	офис	офис
\.


--
-- Data for Name: house_types; Type: TABLE DATA; Schema: public; Owner: postgres
--

COPY public.house_types (id, name, short) FROM stdin;
1	дом	д
\.


--
-- Data for Name: region_types; Type: TABLE DATA; Schema: public; Owner: postgres
--

COPY public.region_types (id, name, short) FROM stdin;
1	республика	Респ
2	область	обл
3	город	г
\.


--
-- Data for Name: regions; Type: TABLE DATA; Schema: public; Owner: postgres
--

COPY public.regions (id, name) FROM stdin;
1	Удмуртская
2	Нижегородская
3	Москва
\.


--
-- Data for Name: requisites; Type: TABLE DATA; Schema: public; Owner: postgres
--

COPY public.requisites (id, "checking_account", "correspondent_account", "created_at", "updated_at", "bank_id") FROM stdin;
3	0                   	0                   	2022-12-27 17:00:35.825+04	2022-12-27 17:00:35.825+04	1
1	40701810001070000003	30101810600000000770	2022-12-24 16:26:03.31+04	2023-01-02 09:53:45.433+04	1
2	40701810001070000003	30101810600000000770	2022-12-24 16:28:28.174+04	2023-01-02 09:53:50.534+04	1
4	40817810001079001667	30101810600000000770	2023-01-06 14:40:42.651+04	2023-01-06 14:40:42.651+04	1
5	00000000000000000000	00000000000000000000	2023-01-06 16:54:20.659+04	2023-01-06 16:54:20.659+04	1
\.


--
-- Data for Name: street_types; Type: TABLE DATA; Schema: public; Owner: postgres
--

COPY public.street_types (id, name, short) FROM stdin;
1	улица	ул
2	проспект	пр-кт
3	территория	тер
\.


--
-- Data for Name: streets; Type: TABLE DATA; Schema: public; Owner: postgres
--

COPY public.streets (id, name) FROM stdin;
1	Воровского
2	Ленина
3	12-я
4	Тестовская
5	им Петрова
6	Клубная
7	Красноармейская
8	Удмуртская
9	Лесная
10	Ивана Сусанина
11	Автозаводская
12	Ключевой поселок
13	им Татьяны Барамзиной
14	Гагарина
15	Пушкинская
16	Циолковского
17	Совхоз Медведево
18	Сибирская
19	Советская
20	9 Января
21	Молодежная
22	Союзная
23	Карла Либкнехта
24	Колосковая
25	50 лет Пионерии
26	40 лет Победы
27	Труда
28	Коммунаров
29	Дарьинская
30	Вологодская
\.
COPY public.postal_codes (id, code) FROM stdin;
1 426076
\.

COPY public.addresses (id, region_id, settlement_id, street_id, postal_code_id, region_type_id, house_type_id, flat_type_id, settlement_type_id, street_type_id, area_type_id, block_type_id, block, house, flat) FROM stdin;
1	1	1	2	1	1	1	2	1	1 \N	\N	\N	42	1
\.

--
-- Data for Name: creditors; Type: TABLE DATA; Schema: public; Owner: postgres
--

COPY public.creditors (id, name, short, "courtIdentifier", house, flat, block, "createdAt", "groupId", "requisitesId", "updatedAt", "creditorTypeId", "regionId", "cityId", "streetId", "areaId", "blockTypeId", "houseTypeId", "flatTypeId", "defaultCessionId") FROM stdin;
1	ООО Микрокредитная компания "Удмуртская Финансовая Компания"	ООО МКК "УФК"	1832106113	42	1	\N	2022-12-24	1	1	2023-01-02 09:53:45.43+04	1	1	1	2	\N	\N	1	2	6
2	ООО "Удмуртская Финансовая Компания"	ООО "УФК"	1832106113	42	1	\N	2022-12-24	1	2	2023-01-02 09:53:50.531+04	1	1	1	2	\N	\N	1	2	6
25	Тутулин Валерий Геннадьевич	Тутулин В. Г.	9416 589747	10	\N	\N	2023-01-06	1	4	2023-01-06 14:40:42.687+04	3	1	1	10	\N	\N	1	\N	\N
26	ООО Микрофинансовая организация "Удмуртская Финансовая Компания"	ООО МФО "УФК"	1832106113	42	1	\N	2023-01-06	1	5	2023-01-06 16:54:20.663+04	1	1	1	2	\N	\N	1	2	\N
\.


--
-- Data for Name: debtors; Type: TABLE DATA; Schema: public; Owner: postgres
--

COPY public.debtors (id, name, surname, patronymic, birth_date, birth_place, house, flat, block, "createdAt", "updatedAt", "groupId", "regionId", "cityId", "streetId", "areaId", "blockTypeId", "houseTypeId", "flatTypeId") FROM stdin;
1	Виталий	Решёткин	Геннадьевич	1982-12-27	ст. Вавож Вавожского р-на Удмуртской АССР	102	114	\N	2022-12-24 16:18:52.136+04	2022-12-24 16:18:52.136+04	1	1	1	1	\N	\N	1	1
2	Тест	Тестов	Тестович	2001-01-01	г. Ижевск	33	132	\N	2023-01-02 09:26:10.188+04	2023-01-02 09:26:10.188+04	1	1	1	5	\N	\N	1	1
3	Дмитрий	Косоротиков	Александрович	1979-06-18	гор. Ижевск	142	38	\N	2023-01-05 15:37:38.442+04	2023-01-05 15:37:38.442+04	1	1	1	7	\N	\N	1	1
4	Галина	Киселева	Ивановна	1967-12-04	дер. Нырошур Шарканского р-на Удмуртской АССР	235	97	\N	2023-01-05 16:15:53.45+04	2023-01-05 16:15:53.45+04	1	1	1	8	\N	\N	1	1
5	Светлана	Козырева	Владимировна	1959-10-21	гор. Ижевск	6	\N	\N	2023-01-05 16:55:44.976+04	2023-01-05 16:55:44.976+04	1	1	1	9	\N	\N	1	\N
6	Фердаус	Мухаметдинов	Асгатович	1963-12-09	гор. Ижевск	60	48	\N	2023-01-06 15:43:31.727+04	2023-01-06 15:43:31.727+04	1	1	1	11	\N	\N	1	1
7	Антон	Кириллов	Олегович	1995-06-11	гор. Ижевск	83	24	\N	2023-01-06 16:47:34.353+04	2023-01-06 16:47:34.353+04	1	1	1	12	\N	\N	1	1
8	Ильфат	Салимов	Фоатович	1985-12-24	гор. Устинов Удмуртской АССР	9	180	\N	2023-01-08 10:57:26.274+04	2023-01-08 10:57:26.274+04	1	1	1	13	\N	\N	1	1
9	Алексей	Липин	Борисович	1975-12-15	гор. Ижевск	3А	31/3	\N	2023-01-08 11:28:32.637+04	2023-01-08 11:28:32.637+04	1	1	1	14	\N	\N	1	1
10	Кирилл	Акимов	Михайлович	1983-09-17	гор. Ижевск	186	47	\N	2023-01-08 12:12:30.599+04	2023-01-08 12:12:30.599+04	1	1	1	15	\N	\N	1	1
11	Станислав	Окрашевский	Яковлевич	1984-09-12	г. Усть-Каменогорск Восточно-Казахстанской обл. Казахская ССР	3	6	\N	2023-01-08 12:31:08.729+04	2023-01-08 12:31:44.265+04	1	1	1	17	\N	\N	1	1
12	Екатерина	Сейфуллаева	Валерьевна	1985-04-01	дер. Сюрногурт Дебесского р-на Удмуртской УАССР	115	\N	\N	2023-01-08 12:43:43.547+04	2023-01-08 12:43:43.547+04	1	1	5	18	1	\N	1	\N
13	Елена	Осинцева	Владимировна	1971-09-10	гор. Ижевск	237	98	\N	2023-01-08 13:59:37.197+04	2023-01-08 13:59:37.197+04	1	1	1	20	\N	\N	1	1
14	Марина	Киселева	Валерьевна	1964-03-01	гор. Ижевск	42а	8	\N	2023-03-02 14:46:37.74+04	2023-03-02 14:46:37.74+04	1	1	1	21	\N	\N	1	1
15	Татьяна	Стяжкина	Кузьминична	1946-08-14	гор. Вильнюс Литва	80	66	\N	2023-03-02 17:21:13.089+04	2023-03-02 17:21:13.089+04	1	1	1	23	\N	\N	1	1
16	Николай	Северюхин	Васильевич	1951-11-24	гор. Ижевск	62	\N	\N	2023-03-02 18:47:36.778+04	2023-03-02 18:47:36.778+04	1	1	1	24	\N	\N	1	\N
17	Александр	Орлов	Сергеевич	1983-02-19	гор. Ижевск	96	27	\N	2023-03-02 18:59:53.844+04	2023-03-02 18:59:53.844+04	1	1	1	26	\N	\N	1	1
18	Валентина	Кокшарова	Викторовна	1960-04-05	дер. Полыгорец Кунгурского р-на Пермской обл.	68	62	\N	2023-03-02 19:33:26.705+04	2023-03-02 19:33:26.705+04	1	1	1	27	\N	\N	1	1
19	Ренат	Зарипов	Фадитович	1972-04-18	гор. Ижевск	14	56	\N	2023-03-02 19:40:26.188+04	2023-03-02 19:40:26.188+04	1	1	1	13	\N	\N	1	1
20	Игорь	Перевощиков	Владимирович	1981-06-17	гор. Ижевск	64	66	\N	2023-03-02 19:47:07.198+04	2023-03-02 19:47:07.198+04	1	1	1	27	\N	\N	1	1
21	Сергей	Пыжов	Владимирович	1955-10-05	гор. Ижевск	218а	34	\N	2023-03-15 13:44:04.697+04	2023-03-15 13:44:04.697+04	1	1	1	28	\N	\N	1	1
22	Роман	Маковей	Алексеевич	1993-01-23	гор. Ейск Краснодарского края	3	148	\N	2023-03-15 17:00:45.616+04	2023-03-15 17:00:45.616+04	1	1	1	29	\N	\N	1	1
23	Игорь	Ардашев	Алексеевич	1994-06-26	г. Ижевск	27	\N	\N	2023-03-15 17:43:24.482+04	2023-03-15 17:43:24.482+04	1	1	1	30	\N	\N	1	\N
\.


--
-- Data for Name: statuses; Type: TABLE DATA; Schema: public; Owner: postgres
--

COPY public.statuses (id, name) FROM stdin;
1	не готов
2	ожидание файлов
3	ожидание отправки СП
4	Суд. приказ отправлен
5	Суд.приказ получен
6	Суд. приказ отменен
7	Иск отправлен
8	Вынесено решение
9	Решение получено
10	Исполнительный лист получен
11	Исп. документ отправлен СПИ
12	ИП возбуждено
13	ИП окончено
\.


--
-- Data for Name: contracts; Type: TABLE DATA; Schema: public; Owner: postgres
--

COPY public.contracts (id, name, number, sum_issue, date_issue, due_date, percent, penalty, "statusChanged", "isContractJur", "statusId", "createdAt", "updatedAt", "groupId", "debtorId", "cessionId", "creditorId", "typeId") FROM stdin;
18	договор займа	3183	18000.00	2018-02-22	2018-03-22	182.50	20.00	2023-01-08	f	11	2023-01-08	2023-01-08 13:49:44.502+04	1	12	7	25	1
3	договор займа	110	500.00	2016-01-01	2020-01-01	365.00	20.00	2023-01-04	f	2	2023-01-02	2023-01-04 14:10:40.851+04	1	2	6	2	1
7	договор займа	10	200.00	2010-05-10	2020-05-10	20.00	30.00	2023-01-04	f	1	2023-01-04	2023-01-04 19:20:05.957+04	1	2	6	1	1
6	договор займа	7176	5000.00	2019-12-23	2020-06-22	365.00	20.00	2023-01-05	f	2	2023-01-04	2023-01-05 11:52:31.958+04	1	1	6	2	1
8	договор займа	7747	10000.00	2020-04-23	2020-06-25	365.00	20.00	2023-01-05	f	2	2023-01-05	2023-01-05 15:53:37.702+04	1	3	6	2	1
9	договор займа	8519	5000.00	2020-10-08	2020-12-12	365.00	20.00	2023-01-05	f	2	2023-01-05	2023-01-05 16:20:24.864+04	1	4	6	2	1
10	договор займа	8388	5000.00	2020-09-15	2021-01-11	365.00	20.00	2023-01-05	f	2	2023-01-05	2023-01-05 16:57:37.513+04	1	5	6	2	1
11	договор займа	8708	2000.00	2020-11-16	2020-12-16	365.00	20.00	2023-01-05	f	2	2023-01-05	2023-01-05 17:11:08.278+04	1	5	6	2	1
12	договор займа	2849	12000.00	2018-02-14	2018-04-06	356.58	20.00	2023-01-06	f	2	2023-01-06	2023-01-06 15:50:17.041+04	1	6	7	25	1
13	договор займа	б/н	5000.00	2016-07-07	2016-08-06	547.50	20.00	2023-01-06	f	2	2023-01-06	2023-01-06 17:03:16.1+04	1	7	8	2	1
14	договор займа	6693	2000.00	2020-07-24	2020-08-22	365.00	20.00	2023-01-08	f	2	2023-01-08	2023-01-08 11:01:54.864+04	1	8	6	2	1
15	договор займа	6086	3000.00	2020-01-16	2020-02-15	328.50	20.00	2023-01-08	f	2	2023-01-08	2023-01-08 11:32:53.207+04	1	9	6	2	1
16	договор займа	5833	8000.00	2019-04-15	2019-05-15	612.00	20.00	2023-01-08	f	11	2023-01-08	2023-01-08 12:17:18.124+04	1	10	6	2	1
17	договор займа	4320	5000.00	2019-03-15	2019-04-13	612.00	20.00	2023-01-08	f	11	2023-01-08	2023-01-08 12:37:06.902+04	1	11	6	2	1
19	договор займа	5385	5000.00	2018-12-26	2019-01-26	547.50	20.00	2023-01-08	f	2	2023-01-08	2023-01-08 14:06:06.468+04	1	13	7	25	1
20	договор займа	6126	15000.00	2019-06-13	2019-07-13	365.00	20.00	2023-03-02	f	11	2023-03-02	2023-03-02 16:24:48.996+04	1	14	6	2	1
21	договор займа	5591	5000.00	2019-02-20	2019-03-20	365.00	20.00	2023-03-02	f	11	2023-03-02	2023-03-02 17:24:51.457+04	1	15	6	2	1
22	договор займа	5864	7000.00	2019-04-17	2019-05-17	365.00	20.00	2023-03-02	f	11	2023-03-02	2023-03-02 18:51:44.091+04	1	16	6	2	1
23	договор займа	5346	1500.00	2019-07-11	2019-08-12	318.71	20.00	2023-03-02	f	11	2023-03-02	2023-03-02 19:25:48.761+04	1	17	6	2	1
24	договор займа	5534	4900.00	2019-08-19	2019-09-19	321.20	20.00	2023-03-02	f	11	2023-03-02	2023-03-02 19:35:38.47+04	1	18	6	2	1
25	договор займа	5610	3000.00	2019-09-06	2019-11-08	328.50	20.00	2023-03-02	f	11	2023-03-02	2023-03-02 19:43:12.57+04	1	19	6	2	1
26	договор займа	5396	3000.00	2019-07-20	2019-10-14	321.22	20.00	2023-03-07	f	11	2023-03-02	2023-03-07 20:22:27.395+04	1	20	6	2	1
27	договор займа	8649	10000.00	2020-11-02	2021-01-23	365.00	20.00	2023-03-15	f	2	2023-03-15	2023-03-15 14:09:53.543+04	1	21	6	2	1
30	договор займа	8384	5000.00	2020-09-14	2020-10-14	365.00	20.00	2023-03-15	f	2	2023-03-15	2023-03-15 17:33:26.85+04	1	22	6	2	1
31	договор займа	3119	10000.00	2018-04-13	2018-05-13	365.00	20.00	2023-03-15	f	11	2023-03-15	2023-03-15 17:53:44.649+04	1	23	6	2	1
\.


--
-- Data for Name: users; Type: TABLE DATA; Schema: public; Owner: postgres
--

COPY public.users (id, role, name, surname, "position", email, password, is_online, phone_number, img, "createdAt", "updatedAt", "groupId") FROM stdin;
1	admin	Jamil	Mamedov	admin	mr.jam18@yandex.ru	$2b$04$qH.ugIzR6.us.3e9V6l0YuPiBphbY67l4yU64PpmdfulbTx47vDjm	f	\N	\N	2022-12-22 14:08:30.855+04	2022-12-22 14:08:30.855+04	1
\.


--
-- Data for Name: actions; Type: TABLE DATA; Schema: public; Owner: postgres
--

COPY public.actions (id, result, "createdAt", "updatedAt", "actionTypeId", "actionObjectId", "contractId", "userId") FROM stdin;
6	E:/projects/CreditApp/server/static/contracts/3/documents/IPInits/1672641625442.docx	2023-01-02 10:40:25.444+04	2023-01-02 10:40:25.444+04	1	13	3	1
7	статус автоматически изменен на "Исп. документ отправлен СПИ".	2023-01-02 10:40:25.466+04	2023-01-02 10:40:25.466+04	4	12	3	1
8	E:/projects/CreditApp/server/static/contracts/3/documents/orders/1672642475217.docx	2023-01-02 10:54:35.218+04	2023-01-02 10:54:35.218+04	1	1	3	1
9	статус автоматически изменен на "Ожидает отправки СП".	2023-01-02 10:54:35.24+04	2023-01-02 10:54:35.24+04	4	12	3	1
10	E:/projects/CreditApp/server/static/contracts/3/documents/IPInits/1672746457878.docx	2023-01-03 15:47:37.88+04	2023-01-03 15:47:37.88+04	1	13	3	1
11	статус автоматически изменен на "Исп. документ отправлен СПИ".	2023-01-03 15:47:37.962+04	2023-01-03 15:47:37.962+04	4	12	3	1
12	E:/projects/CreditApp/server/static/contracts/3/documents/IPInits/1672746882057.docx	2023-01-03 15:54:42.06+04	2023-01-03 15:54:42.06+04	1	13	3	1
13	E:/projects/CreditApp/server/static/contracts/3/documents/IPInits/1672749639818.docx	2023-01-03 16:40:39.833+04	2023-01-03 16:40:39.833+04	1	13	3	1
14	E:/projects/CreditApp/server/static/contracts/3/documents/IPInits/1672826112984.docx	2023-01-04 13:55:12.986+04	2023-01-04 13:55:12.986+04	1	13	3	1
15	E:/projects/CreditApp/server/static/contracts/3/documents/IPInits/1672826657277.docx	2023-01-04 14:04:17.279+04	2023-01-04 14:04:17.279+04	1	13	3	1
16	E:/projects/CreditApp/server/static/contracts/3/documents/IPInits/1672826982915.docx	2023-01-04 14:09:42.917+04	2023-01-04 14:09:42.917+04	1	13	3	1
17	E:/projects/CreditApp/server/static/contracts/3/documents/orders/1672827040843.docx	2023-01-04 14:10:40.844+04	2023-01-04 14:10:40.844+04	1	1	3	1
18	статус автоматически изменен на "Ожидает отправки СП".	2023-01-04 14:10:40.86+04	2023-01-04 14:10:40.86+04	4	12	3	1
31	E:/projects/CreditApp/server/static/contracts/6/documents/orders/1672905151877.docx	2023-01-05 11:52:31.88+04	2023-01-05 11:52:31.88+04	1	1	6	1
32	статус автоматически изменен на "Ожидает отправки СП".	2023-01-05 11:52:31.965+04	2023-01-05 11:52:31.965+04	4	12	6	1
33	E:/projects/CreditApp/server/static/contracts/6/documents/orders/1672905377612.docx	2023-01-05 11:56:17.613+04	2023-01-05 11:56:17.613+04	1	1	6	1
34	E:/projects/CreditApp/server/static/contracts/6/documents/orders/1672905553211.docx	2023-01-05 11:59:13.214+04	2023-01-05 11:59:13.214+04	1	1	6	1
35	E:/projects/CreditApp/server/static/contracts/6/documents/orders/1672907685544.docx	2023-01-05 12:34:45.545+04	2023-01-05 12:34:45.545+04	1	1	6	1
36	E:/projects/CreditApp/server/static/contracts/6/documents/orders/1672908372836.docx	2023-01-05 12:46:12.837+04	2023-01-05 12:46:12.837+04	1	1	6	1
37	Добавлен файл - Договор и приложения.	2023-01-05 14:53:47.25+04	2023-01-05 14:53:47.25+04	1	14	6	1
38	E:/projects/CreditApp/server/static/contracts/8/documents/orders/1672919617688.docx	2023-01-05 15:53:37.69+04	2023-01-05 15:53:37.69+04	1	1	8	1
39	статус автоматически изменен на "Ожидает отправки СП".	2023-01-05 15:53:37.719+04	2023-01-05 15:53:37.719+04	4	12	8	1
40	Добавлен файл - Договор и приложения.	2023-01-05 16:08:32.263+04	2023-01-05 16:08:32.263+04	1	14	8	1
41	E:/projects/CreditApp/server/static/contracts/9/documents/orders/1672921224856.docx	2023-01-05 16:20:24.857+04	2023-01-05 16:20:24.857+04	1	1	9	1
42	статус автоматически изменен на "Ожидает отправки СП".	2023-01-05 16:20:24.886+04	2023-01-05 16:20:24.886+04	4	12	9	1
43	Добавлен файл - Договор и приложения.	2023-01-05 16:37:22.601+04	2023-01-05 16:37:22.601+04	1	14	9	1
44	E:/projects/CreditApp/server/static/contracts/10/documents/orders/1672923457507.docx	2023-01-05 16:57:37.508+04	2023-01-05 16:57:37.508+04	1	1	10	1
45	статус автоматически изменен на "Ожидает отправки СП".	2023-01-05 16:57:37.516+04	2023-01-05 16:57:37.516+04	4	12	10	1
46	E:/projects/CreditApp/server/static/contracts/10/documents/orders/1672923693738.docx	2023-01-05 17:01:33.739+04	2023-01-05 17:01:33.739+04	1	1	10	1
47	E:/projects/CreditApp/server/static/contracts/11/documents/orders/1672924268263.docx	2023-01-05 17:11:08.275+04	2023-01-05 17:11:08.275+04	1	1	11	1
48	статус автоматически изменен на "Ожидает отправки СП".	2023-01-05 17:11:08.28+04	2023-01-05 17:11:08.28+04	4	12	11	1
49	Добавлен файл - Договор и приложения.	2023-01-05 17:21:52.538+04	2023-01-05 17:21:52.538+04	1	14	11	1
50	Добавлен файл - Договор и приложения.	2023-01-05 17:27:03.757+04	2023-01-05 17:27:03.757+04	1	14	10	1
51	E:/projects/CreditApp/server/static/contracts/12/documents/orders/1673005817020.docx	2023-01-06 15:50:17.022+04	2023-01-06 15:50:17.022+04	1	1	12	1
52	статус автоматически изменен на "Ожидает отправки СП".	2023-01-06 15:50:17.046+04	2023-01-06 15:50:17.046+04	4	12	12	1
53	E:/projects/CreditApp/server/static/contracts/12/documents/orders/1673006699510.docx	2023-01-06 16:04:59.512+04	2023-01-06 16:04:59.512+04	1	1	12	1
54	E:/projects/CreditApp/server/static/contracts/12/documents/orders/1673006773273.docx	2023-01-06 16:06:13.276+04	2023-01-06 16:06:13.276+04	1	1	12	1
55	E:/projects/CreditApp/server/static/contracts/12/documents/orders/1673006795944.docx	2023-01-06 16:06:35.947+04	2023-01-06 16:06:35.947+04	1	1	12	1
56	E:/projects/CreditApp/server/static/contracts/12/documents/orders/1673006834081.docx	2023-01-06 16:07:14.084+04	2023-01-06 16:07:14.084+04	1	1	12	1
57	E:/projects/CreditApp/server/static/contracts/12/documents/orders/1673007383274.docx	2023-01-06 16:16:23.277+04	2023-01-06 16:16:23.277+04	1	1	12	1
58	E:/projects/CreditApp/server/static/contracts/12/documents/orders/1673007473938.docx	2023-01-06 16:17:53.941+04	2023-01-06 16:17:53.941+04	1	1	12	1
59	E:/projects/CreditApp/server/static/contracts/12/documents/orders/1673007585745.docx	2023-01-06 16:19:45.747+04	2023-01-06 16:19:45.747+04	1	1	12	1
60	E:/projects/CreditApp/server/static/contracts/12/documents/orders/1673007620953.docx	2023-01-06 16:20:20.956+04	2023-01-06 16:20:20.956+04	1	1	12	1
61	E:/projects/CreditApp/server/static/contracts/12/documents/orders/1673007785433.docx	2023-01-06 16:23:05.436+04	2023-01-06 16:23:05.436+04	1	1	12	1
62	E:/projects/CreditApp/server/static/contracts/12/documents/orders/1673007804293.docx	2023-01-06 16:23:24.295+04	2023-01-06 16:23:24.295+04	1	1	12	1
63	E:/projects/CreditApp/server/static/contracts/12/documents/orders/1673007893767.docx	2023-01-06 16:24:53.769+04	2023-01-06 16:24:53.769+04	1	1	12	1
64	E:/projects/CreditApp/server/static/contracts/12/documents/orders/1673007911114.docx	2023-01-06 16:25:11.118+04	2023-01-06 16:25:11.118+04	1	1	12	1
65	E:/projects/CreditApp/server/static/contracts/13/documents/orders/1673010196092.docx	2023-01-06 17:03:16.094+04	2023-01-06 17:03:16.094+04	1	1	13	1
66	статус автоматически изменен на "Ожидает отправки СП".	2023-01-06 17:03:16.102+04	2023-01-06 17:03:16.102+04	4	12	13	1
67	Добавлен файл - Договор и приложения.	2023-01-06 17:13:16.724+04	2023-01-06 17:13:16.724+04	1	14	13	1
68	Добавлен файл - Договор и приложения.	2023-01-06 17:22:23.82+04	2023-01-06 17:22:23.82+04	1	14	12	1
69	E:/projects/CreditApp/server/static/contracts/14/documents/orders/1673161314840.docx	2023-01-08 11:01:54.841+04	2023-01-08 11:01:54.841+04	1	1	14	1
70	статус автоматически изменен на "Ожидает отправки СП".	2023-01-08 11:01:54.867+04	2023-01-08 11:01:54.867+04	4	12	14	1
71	Добавлен файл - Договор и приложения.	2023-01-08 11:18:38.572+04	2023-01-08 11:18:38.572+04	1	14	14	1
72	E:/projects/CreditApp/server/static/contracts/15/documents/orders/1673163138427.docx	2023-01-08 11:32:18.428+04	2023-01-08 11:32:18.428+04	1	1	15	1
73	статус автоматически изменен на "Ожидает отправки СП".	2023-01-08 11:32:18.439+04	2023-01-08 11:32:18.439+04	4	12	15	1
74	E:/projects/CreditApp/server/static/contracts/15/documents/orders/1673163180720.docx	2023-01-08 11:33:00.72+04	2023-01-08 11:33:00.72+04	1	1	15	1
75	E:/projects/CreditApp/server/static/contracts/15/documents/orders/1673163294590.docx	2023-01-08 11:34:54.591+04	2023-01-08 11:34:54.591+04	1	1	15	1
76	Добавлен файл - Договор и приложения.	2023-01-08 11:41:41.426+04	2023-01-08 11:41:41.426+04	1	14	15	1
77	E:/projects/CreditApp/server/static/contracts/16/documents/IPInits/1673165838119.docx	2023-01-08 12:17:18.12+04	2023-01-08 12:17:18.12+04	1	13	16	1
78	статус автоматически изменен на "Исп. документ отправлен СПИ".	2023-01-08 12:17:18.127+04	2023-01-08 12:17:18.127+04	4	12	16	1
79	Добавлен файл - Судебный приказ.	2023-01-08 12:24:31.766+04	2023-01-08 12:24:31.766+04	1	14	16	1
80	E:/projects/CreditApp/server/static/contracts/17/documents/IPInits/1673167026896.docx	2023-01-08 12:37:06.897+04	2023-01-08 12:37:06.897+04	1	13	17	1
81	статус автоматически изменен на "Исп. документ отправлен СПИ".	2023-01-08 12:37:06.905+04	2023-01-08 12:37:06.905+04	4	12	17	1
82	Добавлен файл - Судебный приказ.	2023-01-08 12:39:06.336+04	2023-01-08 12:39:06.336+04	1	14	17	1
83	E:/projects/CreditApp/server/static/contracts/18/documents/orders/1673167646660.docx	2023-01-08 12:47:26.673+04	2023-01-08 12:47:26.673+04	1	1	18	1
84	статус автоматически изменен на "Ожидает отправки СП".	2023-01-08 12:47:26.681+04	2023-01-08 12:47:26.681+04	4	12	18	1
85	E:/projects/CreditApp/server/static/contracts/18/documents/IPInits/1673167874675.docx	2023-01-08 12:51:14.675+04	2023-01-08 12:51:14.675+04	1	13	18	1
86	статус автоматически изменен на "Исп. документ отправлен СПИ".	2023-01-08 12:51:14.681+04	2023-01-08 12:51:14.681+04	4	12	18	1
87	E:/projects/CreditApp/server/static/contracts/18/documents/IPInits/1673168878010.docx	2023-01-08 13:07:58.012+04	2023-01-08 13:07:58.012+04	1	13	18	1
88	E:/projects/CreditApp/server/static/contracts/18/documents/orders/1673168938973.docx	2023-01-08 13:08:58.974+04	2023-01-08 13:08:58.974+04	1	1	18	1
89	статус автоматически изменен на "Ожидает отправки СП".	2023-01-08 13:08:59.001+04	2023-01-08 13:08:59.001+04	4	12	18	1
90	E:/projects/CreditApp/server/static/contracts/18/documents/IPInits/1673169016880.docx	2023-01-08 13:10:16.881+04	2023-01-08 13:10:16.881+04	1	13	18	1
91	статус автоматически изменен на "Исп. документ отправлен СПИ".	2023-01-08 13:10:16.888+04	2023-01-08 13:10:16.888+04	4	12	18	1
92	E:/projects/CreditApp/server/static/contracts/18/documents/IPInits/1673169722128.docx	2023-01-08 13:22:02.131+04	2023-01-08 13:22:02.131+04	1	13	18	1
93	статус автоматически изменен на "Исп. документ отправлен СПИ".	2023-01-08 13:22:02.154+04	2023-01-08 13:22:02.154+04	4	12	18	1
94	E:/projects/CreditApp/server/static/contracts/18/documents/IPInits/1673169920709.docx	2023-01-08 13:25:20.711+04	2023-01-08 13:25:20.711+04	1	13	18	1
95	статус автоматически изменен на "Исп. документ отправлен СПИ".	2023-01-08 13:25:20.729+04	2023-01-08 13:25:20.729+04	4	12	18	1
96	E:/projects/CreditApp/server/static/contracts/18/documents/IPInits/1673169955343.docx	2023-01-08 13:25:55.345+04	2023-01-08 13:25:55.345+04	1	13	18	1
97	статус автоматически изменен на "Исп. документ отправлен СПИ".	2023-01-08 13:25:55.367+04	2023-01-08 13:25:55.367+04	4	12	18	1
98	E:/projects/CreditApp/server/static/contracts/18/documents/IPInits/1673170053052.docx	2023-01-08 13:27:33.054+04	2023-01-08 13:27:33.054+04	1	13	18	1
99	статус автоматически изменен на "Исп. документ отправлен СПИ".	2023-01-08 13:27:33.082+04	2023-01-08 13:27:33.082+04	4	12	18	1
100	E:/projects/CreditApp/server/static/contracts/18/documents/orders/1673170074252.docx	2023-01-08 13:27:54.254+04	2023-01-08 13:27:54.254+04	1	1	18	1
101	статус автоматически изменен на "Ожидает отправки СП".	2023-01-08 13:27:54.276+04	2023-01-08 13:27:54.276+04	4	12	18	1
102	E:/projects/CreditApp/server/static/contracts/18/documents/IPInits/1673170104967.docx	2023-01-08 13:28:24.969+04	2023-01-08 13:28:24.969+04	1	13	18	1
103	статус автоматически изменен на "Исп. документ отправлен СПИ".	2023-01-08 13:28:24.99+04	2023-01-08 13:28:24.99+04	4	12	18	1
104	E:/projects/CreditApp/server/static/contracts/18/documents/IPInits/1673170235266.docx	2023-01-08 13:30:35.268+04	2023-01-08 13:30:35.268+04	1	13	18	1
105	статус автоматически изменен на "Исп. документ отправлен СПИ".	2023-01-08 13:30:35.286+04	2023-01-08 13:30:35.286+04	4	12	18	1
106	E:/projects/CreditApp/server/static/contracts/18/documents/IPInits/1673170414611.docx	2023-01-08 13:33:34.614+04	2023-01-08 13:33:34.614+04	1	13	18	1
107	статус автоматически изменен на "Исп. документ отправлен СПИ".	2023-01-08 13:33:34.644+04	2023-01-08 13:33:34.644+04	4	12	18	1
108	E:/projects/CreditApp/server/static/contracts/18/documents/IPInits/1673170511807.docx	2023-01-08 13:35:11.809+04	2023-01-08 13:35:11.809+04	1	13	18	1
109	статус автоматически изменен на "Исп. документ отправлен СПИ".	2023-01-08 13:35:11.842+04	2023-01-08 13:35:11.842+04	4	12	18	1
110	E:/projects/CreditApp/server/static/contracts/18/documents/IPInits/1673170545543.docx	2023-01-08 13:35:45.545+04	2023-01-08 13:35:45.545+04	1	13	18	1
111	статус автоматически изменен на "Исп. документ отправлен СПИ".	2023-01-08 13:35:45.565+04	2023-01-08 13:35:45.565+04	4	12	18	1
112	E:/projects/CreditApp/server/static/contracts/18/documents/IPInits/1673170576671.docx	2023-01-08 13:36:16.673+04	2023-01-08 13:36:16.673+04	1	13	18	1
113	статус автоматически изменен на "Исп. документ отправлен СПИ".	2023-01-08 13:36:16.699+04	2023-01-08 13:36:16.699+04	4	12	18	1
114	E:/projects/CreditApp/server/static/contracts/18/documents/IPInits/1673170738737.docx	2023-01-08 13:38:58.738+04	2023-01-08 13:38:58.738+04	1	13	18	1
115	статус автоматически изменен на "Исп. документ отправлен СПИ".	2023-01-08 13:38:58.763+04	2023-01-08 13:38:58.763+04	4	12	18	1
116	E:/projects/CreditApp/server/static/contracts/18/documents/IPInits/1673170866472.docx	2023-01-08 13:41:06.474+04	2023-01-08 13:41:06.474+04	1	13	18	1
117	статус автоматически изменен на "Исп. документ отправлен СПИ".	2023-01-08 13:41:06.511+04	2023-01-08 13:41:06.511+04	4	12	18	1
118	E:/projects/CreditApp/server/static/contracts/18/documents/IPInits/1673170885040.docx	2023-01-08 13:41:25.042+04	2023-01-08 13:41:25.042+04	1	13	18	1
119	статус автоматически изменен на "Исп. документ отправлен СПИ".	2023-01-08 13:41:25.069+04	2023-01-08 13:41:25.069+04	4	12	18	1
120	E:/projects/CreditApp/server/static/contracts/18/documents/IPInits/1673171130821.docx	2023-01-08 13:45:30.824+04	2023-01-08 13:45:30.824+04	1	13	18	1
121	статус автоматически изменен на "Исп. документ отправлен СПИ".	2023-01-08 13:45:30.864+04	2023-01-08 13:45:30.864+04	4	12	18	1
122	E:/projects/CreditApp/server/static/contracts/18/documents/IPInits/1673171282693.docx	2023-01-08 13:48:02.696+04	2023-01-08 13:48:02.696+04	1	13	18	1
123	статус автоматически изменен на "Исп. документ отправлен СПИ".	2023-01-08 13:48:02.715+04	2023-01-08 13:48:02.715+04	4	12	18	1
124	E:/projects/CreditApp/server/static/contracts/18/documents/IPInits/1673171384484.docx	2023-01-08 13:49:44.486+04	2023-01-08 13:49:44.486+04	1	13	18	1
125	статус автоматически изменен на "Исп. документ отправлен СПИ".	2023-01-08 13:49:44.519+04	2023-01-08 13:49:44.519+04	4	12	18	1
126	Добавлен файл - Судебный приказ.	2023-01-08 13:53:32.286+04	2023-01-08 13:53:32.286+04	1	14	18	1
127	E:/projects/CreditApp/server/static/contracts/19/documents/IPInits/1673172191716.docx	2023-01-08 14:03:11.718+04	2023-01-08 14:03:11.718+04	1	13	19	1
128	статус автоматически изменен на "Исп. документ отправлен СПИ".	2023-01-08 14:03:11.728+04	2023-01-08 14:03:11.728+04	4	12	19	1
129	Добавлен файл - Договор и приложения.	2023-01-08 14:05:33.778+04	2023-01-08 14:05:33.778+04	1	14	19	1
130	E:/projects/CreditApp/server/static/contracts/19/documents/orders/1673172366461.docx	2023-01-08 14:06:06.462+04	2023-01-08 14:06:06.462+04	1	1	19	1
131	статус автоматически изменен на "Ожидает отправки СП".	2023-01-08 14:06:06.472+04	2023-01-08 14:06:06.472+04	4	12	19	1
132	E:/projects/CreditApp/server/static/contracts/19/documents/orders/1674982778416.docx	2023-01-29 12:59:38.419+04	2023-01-29 12:59:38.419+04	1	1	19	1
133	E:/projects/CreditApp/server/static/contracts/12/documents/orders/1674982842560.docx	2023-01-29 13:00:42.56+04	2023-01-29 13:00:42.56+04	1	1	12	1
134	E:/projects/CreditApp/server/static/contracts/10/documents/orders/1674983219175.docx	2023-01-29 13:06:59.177+04	2023-01-29 13:06:59.177+04	1	1	10	1
135	E:/projects/CreditApp/server/static/contracts/11/documents/orders/1674983643467.docx	2023-01-29 13:14:03.468+04	2023-01-29 13:14:03.468+04	1	1	11	1
136	E:/projects/CreditApp/server/static/contracts/6/documents/orders/1674983886619.docx	2023-01-29 13:18:06.621+04	2023-01-29 13:18:06.621+04	1	1	6	1
137	E:/projects/CreditApp/server/static/contracts/6/documents/orders/1674983919869.docx	2023-01-29 13:18:39.87+04	2023-01-29 13:18:39.87+04	1	1	6	1
138	E:/projects/CreditApp/server/static/contracts/8/documents/orders/1674984135529.docx	2023-01-29 13:22:15.529+04	2023-01-29 13:22:15.529+04	1	1	8	1
139	E:/projects/CreditApp/server/static/contracts/14/documents/orders/1674984390834.docx	2023-01-29 13:26:30.835+04	2023-01-29 13:26:30.835+04	1	1	14	1
140	E:/projects/CreditApp/server/static/contracts/15/documents/orders/1674984626895.docx	2023-01-29 13:30:26.896+04	2023-01-29 13:30:26.896+04	1	1	15	1
141	E:/projects/CreditApp/server/static/contracts/13/documents/orders/1674984861432.docx	2023-01-29 13:34:21.453+04	2023-01-29 13:34:21.453+04	1	1	13	1
142	E:/projects/CreditApp/server/static/contracts/13/documents/orders/1674984873858.docx	2023-01-29 13:34:33.859+04	2023-01-29 13:34:33.859+04	1	1	13	1
143	E:/projects/CreditApp/server/static/contracts/9/documents/orders/1674985222949.docx	2023-01-29 13:40:22.95+04	2023-01-29 13:40:22.95+04	1	1	9	1
144	Добавлен файл - Судебный приказ.	2023-03-02 16:22:21.493+04	2023-03-02 16:22:21.493+04	1	14	20	1
145	/home/jamil/projects/CreditApp/server/static/contracts/20/documents/IPInits/1677759888990.docx	2023-03-02 16:24:48.991+04	2023-03-02 16:24:48.991+04	1	13	20	1
146	статус автоматически изменен на "Исп. документ отправлен СПИ".	2023-03-02 16:24:48.999+04	2023-03-02 16:24:48.999+04	4	12	20	1
147	/home/jamil/projects/CreditApp/server/static/contracts/21/documents/IPInits/1677763491452.docx	2023-03-02 17:24:51.452+04	2023-03-02 17:24:51.452+04	1	13	21	1
148	статус автоматически изменен на "Исп. документ отправлен СПИ".	2023-03-02 17:24:51.459+04	2023-03-02 17:24:51.459+04	4	12	21	1
149	Добавлен файл - Договор и приложения.	2023-03-02 17:39:39.574+04	2023-03-02 17:39:39.574+04	1	14	21	1
150	/home/jamil/projects/CreditApp/server/static/contracts/22/documents/IPInits/1677768704084.docx	2023-03-02 18:51:44.085+04	2023-03-02 18:51:44.085+04	1	13	22	1
151	статус автоматически изменен на "Исп. документ отправлен СПИ".	2023-03-02 18:51:44.095+04	2023-03-02 18:51:44.095+04	4	12	22	1
152	Добавлен файл - Судебный приказ.	2023-03-02 18:56:02.768+04	2023-03-02 18:56:02.768+04	1	14	22	1
153	/home/jamil/projects/CreditApp/server/static/contracts/23/documents/IPInits/1677769335466.docx	2023-03-02 19:02:15.467+04	2023-03-02 19:02:15.467+04	1	13	23	1
154	статус автоматически изменен на "Исп. документ отправлен СПИ".	2023-03-02 19:02:15.473+04	2023-03-02 19:02:15.473+04	4	12	23	1
155	/home/jamil/projects/CreditApp/server/static/contracts/23/documents/IPInits/1677770100863.docx	2023-03-02 19:15:00.865+04	2023-03-02 19:15:00.865+04	1	13	23	1
156	статус автоматически изменен на "Исп. документ отправлен СПИ".	2023-03-02 19:15:00.878+04	2023-03-02 19:15:00.878+04	4	12	23	1
157	/home/jamil/projects/CreditApp/server/static/contracts/23/documents/IPInits/1677770167278.docx	2023-03-02 19:16:07.278+04	2023-03-02 19:16:07.278+04	1	13	23	1
158	статус автоматически изменен на "Исп. документ отправлен СПИ".	2023-03-02 19:16:07.289+04	2023-03-02 19:16:07.289+04	4	12	23	1
159	/home/jamil/projects/CreditApp/server/static/contracts/23/documents/IPInits/1677770447656.docx	2023-03-02 19:20:47.657+04	2023-03-02 19:20:47.657+04	1	13	23	1
160	статус автоматически изменен на "Исп. документ отправлен СПИ".	2023-03-02 19:20:47.668+04	2023-03-02 19:20:47.668+04	4	12	23	1
161	/home/jamil/projects/CreditApp/server/static/contracts/23/documents/IPInits/1677770590198.docx	2023-03-02 19:23:10.2+04	2023-03-02 19:23:10.2+04	1	13	23	1
162	статус автоматически изменен на "Исп. документ отправлен СПИ".	2023-03-02 19:23:10.218+04	2023-03-02 19:23:10.218+04	4	12	23	1
163	/home/jamil/projects/CreditApp/server/static/contracts/23/documents/IPInits/1677770675838.docx	2023-03-02 19:24:35.84+04	2023-03-02 19:24:35.84+04	1	13	23	1
164	статус автоматически изменен на "Исп. документ отправлен СПИ".	2023-03-02 19:24:35.858+04	2023-03-02 19:24:35.858+04	4	12	23	1
165	/home/jamil/projects/CreditApp/server/static/contracts/23/documents/IPInits/1677770748746.docx	2023-03-02 19:25:48.748+04	2023-03-02 19:25:48.748+04	1	13	23	1
166	статус автоматически изменен на "Исп. документ отправлен СПИ".	2023-03-02 19:25:48.769+04	2023-03-02 19:25:48.769+04	4	12	23	1
167	Добавлен файл - Судебный приказ.	2023-03-02 19:29:31.927+04	2023-03-02 19:29:31.927+04	1	14	23	1
168	/home/jamil/projects/CreditApp/server/static/contracts/24/documents/IPInits/1677771338466.docx	2023-03-02 19:35:38.466+04	2023-03-02 19:35:38.466+04	1	13	24	1
169	статус автоматически изменен на "Исп. документ отправлен СПИ".	2023-03-02 19:35:38.473+04	2023-03-02 19:35:38.473+04	4	12	24	1
170	Добавлен файл - Судебный приказ.	2023-03-02 19:37:36.436+04	2023-03-02 19:37:36.436+04	1	14	24	1
171	/home/jamil/projects/CreditApp/server/static/contracts/25/documents/IPInits/1677771792564.docx	2023-03-02 19:43:12.565+04	2023-03-02 19:43:12.565+04	1	13	25	1
172	статус автоматически изменен на "Исп. документ отправлен СПИ".	2023-03-02 19:43:12.572+04	2023-03-02 19:43:12.572+04	4	12	25	1
173	Добавлен файл - Судебный приказ.	2023-03-02 19:44:27.589+04	2023-03-02 19:44:27.589+04	1	14	25	1
174	/home/jamil/projects/CreditApp/server/static/contracts/26/documents/IPInits/1677772215866.docx	2023-03-02 19:50:15.866+04	2023-03-02 19:50:15.866+04	1	13	26	1
175	статус автоматически изменен на "Исп. документ отправлен СПИ".	2023-03-02 19:50:15.874+04	2023-03-02 19:50:15.874+04	4	12	26	1
176	/home/jamil/projects/CreditApp/server/static/contracts/26/documents/IPInits/1678206147383.docx	2023-03-07 20:22:27.385+04	2023-03-07 20:22:27.385+04	1	13	26	1
177	статус автоматически изменен на "Исп. документ отправлен СПИ".	2023-03-07 20:22:27.399+04	2023-03-07 20:22:27.399+04	4	12	26	1
178	Добавлен файл - Договор и приложения.	2023-03-15 13:59:24.823+04	2023-03-15 13:59:24.823+04	1	14	27	1
179	/home/jamil/projects/CreditApp/server/static/contracts/27/documents/orders/1678874993537.docx	2023-03-15 14:09:53.538+04	2023-03-15 14:09:53.538+04	1	1	27	1
180	статус автоматически изменен на "Ожидает отправки СП".	2023-03-15 14:09:53.546+04	2023-03-15 14:09:53.546+04	4	12	27	1
181	/home/jamil/projects/CreditApp/server/static/contracts/27/documents/orders/1678875275938.docx	2023-03-15 14:14:35.939+04	2023-03-15 14:14:35.939+04	1	1	27	1
182	Добавлен файл - Договор и приложения.	2023-03-15 17:26:55.604+04	2023-03-15 17:26:55.604+04	1	14	30	1
183	Изменен файл - Договор и приложения.	2023-03-15 17:30:59.315+04	2023-03-15 17:30:59.315+04	4	14	30	1
184	/media/jamil/DATA/projects/CreditApp2/server/static/contracts/30/documents/orders/1678887206845.docx	2023-03-15 17:33:26.846+04	2023-03-15 17:33:26.846+04	1	1	30	1
185	статус автоматически изменен на "Ожидает отправки СП".	2023-03-15 17:33:26.853+04	2023-03-15 17:33:26.853+04	4	12	30	1
186	/media/jamil/DATA/projects/CreditApp2/server/static/contracts/31/documents/IPInits/1678888424643.docx	2023-03-15 17:53:44.645+04	2023-03-15 17:53:44.645+04	1	13	31	1
187	статус автоматически изменен на "Исп. документ отправлен СПИ".	2023-03-15 17:53:44.651+04	2023-03-15 17:53:44.651+04	4	12	31	1
188	Добавлен файл - Судебный приказ.	2023-03-15 17:59:25.648+04	2023-03-15 17:59:25.648+04	1	14	31	1
\.


--
-- Data for Name: agents; Type: TABLE DATA; Schema: public; Owner: postgres
--

COPY public.agents (id, name, surname, patronymic, enclosure, house, flat, block, "isDefault", "noShowGroup", "groupId", "passportSeries", "passportNumber", "createdAt", "updatedAt", "regionId", "cityId", "streetId", "areaId", "blockTypeId", "houseTypeId", "flatTypeId", "userId") FROM stdin;
1	Джамиль	Мамедов	Рафигович	Копия доверенности представителя	33	132	\N	t	f	1	9414	412126	2022-12-24	2022-12-24	1	1	5	\N	\N	1	1	\N
\.


--
-- Data for Name: bailiffs; Type: TABLE DATA; Schema: public; Owner: postgres
--

COPY public.bailiffs (id, name, house, flat, block, "createdAt", "updatedAt", "regionId", "cityId", "streetId", "areaId", "blockTypeId", "houseTypeId", "flatTypeId") FROM stdin;
1	Тестовый РОСП	1	\N	\N	2022-12-24 20:25:18.588+04	2022-12-24 20:25:18.588+04	3	3	4	\N	\N	1	\N
2	Первомайский РОСП г. Ижевска	17	\N	\N	2023-01-08 12:15:36.419+04	2023-01-08 12:15:36.419+04	1	1	16	\N	\N	1	\N
3	Дебесское РОСП УР	98	\N	\N	2023-01-08 12:50:07.092+04	2023-01-08 12:50:07.092+04	1	6	19	1	\N	1	\N
4	Индустриальный РОСП г. Ижевска	263	\N	\N	2023-01-08 14:02:22.421+04	2023-01-08 14:02:22.421+04	1	1	20	\N	\N	1	\N
5	Устиновский РОСП г. Ижевска	75	\N	\N	2023-03-02 16:23:48.3+04	2023-03-02 16:23:48.3+04	1	1	22	\N	\N	1	\N
6	Октябрьский РОСП г. Ижевска	30	\N	\N	2023-03-02 18:50:49.801+04	2023-03-02 18:50:49.801+04	1	1	25	\N	\N	1	\N
7	Ленинское РОСП г. Ижевска	23	\N	\N	2023-03-15 17:52:47.565+04	2023-03-15 17:52:47.565+04	1	1	14	\N	\N	1	\N
\.


--
-- Data for Name: cessionsInfo; Type: TABLE DATA; Schema: public; Owner: postgres
--

COPY public."cessionsInfo" (id, "transferDate", sum, number, text, "useDefaultText", "assigneeId", "assignorId", "cessionId", "groupId") FROM stdin;
6	2021-04-27	\N	\N	 21.04.2021 г. ООО Микрокредитная компания "Удмуртская Финансовая Компания" было переименовано в ООО "Удмуртская Финансовая Компания", что подтверждается выпиской из ЕГРЮЛ.	f	2	1	6	1
7	2019-01-15	5000.00	30/19	15.01.2019 г. ООО МКК "УФК" и Тутулин В. Г. заключили договор цессии № 30/19, согласно которому ООО МКК "УФК" передало право требования задолженности по настоящему договору займа Тутулину В. Г. в полном объеме.	f	25	1	7	1
8	2016-09-23	\N	\N	23.09.2016 года были внесены изменения вида микрофинансовой организации и осуществлении деятельности в виде микрокредитной компании. В связи с этим произошла смена в наименовании.	f	1	26	8	1
9	2021-04-21	\N	\N	 21.04.2021 г. ООО Микрокредитная компания "Удмуртская Финансовая Компания" было переименовано в ООО "Удмуртская Финансовая Компания", что подтверждается выпиской из ЕГРЮЛ.	f	2	1	8	1
\.


--
-- Data for Name: cessionsEnclosures; Type: TABLE DATA; Schema: public; Owner: postgres
--

COPY public."cessionsEnclosures" (id, name, "cessionsInfoId") FROM stdin;
15	Выписка из ЕГРЮЛ	6
16	Копия дог. цессии №30/19 от 15.01.19 г.	7
19	Выписка из ЕГРЮЛ	8
20	Выписка из ЕГРЮЛ	9
\.


--
-- Data for Name: courtClaimsStatuses; Type: TABLE DATA; Schema: public; Owner: postgres
--

COPY public."courtClaimsStatuses" (id, name) FROM stdin;
\.


--
-- Data for Name: courtClaimsTypes; Type: TABLE DATA; Schema: public; Owner: postgres
--

COPY public."courtClaimsTypes" (id, name) FROM stdin;
\.


--
-- Data for Name: court_levels; Type: TABLE DATA; Schema: public; Owner: postgres
--

COPY public.court_levels (id, name) FROM stdin;
1	Мировой суд
2	Районный суд
3	Верховный суд субъекта
4	Суд апелляционной инстанции
5	Cуд кассационной инстанции
6	Верховный суд РФ
\.


--
-- Data for Name: court_types; Type: TABLE DATA; Schema: public; Owner: postgres
--

COPY public.court_types (id, name) FROM stdin;
1	Суд общей юрисдикции
2	Арбитражны суд
\.


--
-- Data for Name: courts; Type: TABLE DATA; Schema: public; Owner: postgres
--

COPY public.courts (id, name, house, flat, block, "createdAt", "updatedAt", "courtTypeId", "courtLevelId", "regionId", "cityId", "streetId", "areaId", "blockTypeId", "houseTypeId", "flatTypeId") FROM stdin;
1	тестовый суд	1	\N	\N	2022-12-24 20:24:34.978+04	2022-12-24 20:24:34.978+04	1	1	2	2	3	\N	\N	1	\N
3	вфыыв	42	\N	\N	2022-12-27 16:45:51.597+04	2022-12-27 16:45:51.597+04	1	1	1	1	2	\N	\N	1	\N
4	судебный участок №6 Ленинского района г. Ижевска	70	\N	5	2023-01-04 14:49:23.722+04	2023-01-04 14:49:23.722+04	1	1	1	1	6	\N	1	1	\N
\.


--
-- Data for Name: courtClaims; Type: TABLE DATA; Schema: public; Owner: postgres
--

COPY public."courtClaims" (id, sum, main, percents, penalties, fee, "sendingDate", "statusDate", "statusId", "typeId", "courtId", "contractId", "agentId") FROM stdin;
\.


--
-- Data for Name: executiveDocTypes; Type: TABLE DATA; Schema: public; Owner: postgres
--

COPY public."executiveDocTypes" (id, name) FROM stdin;
1	Судебный приказ
2	Исполнительный лист
\.


--
-- Data for Name: executiveDocs; Type: TABLE DATA; Schema: public; Owner: postgres
--

COPY public."executiveDocs" (id, number, "dateIssue", "resolutionNumber", "resolutionDate", main, percents, penalties, fee, sum, "createdAt", "updatedAt", "typeId", "contractId", "bailiffId", "courtId") FROM stdin;
6	2-1002/2020	2020-01-01	\N	\N	1000.00	2000.00	3000.00	400.00	6400.00	2023-01-02 16:58:03.455+04	2023-01-03 10:40:23.769+04	1	3	1	1
7	2-1077/2022	2022-05-17	\N	\N	7924.11	15276.00	4724.00	518.86	28442.97	2023-01-08 12:17:11.662+04	2023-01-08 12:17:11.662+04	1	16	2	4
8	2-1076/2022	2022-05-17	\N	\N	5000.00	9432.00	3068.00	350.00	17850.00	2023-01-08 12:37:01.851+04	2023-01-08 12:37:01.851+04	1	17	2	4
9	2-674/2021	2021-03-25	\N	\N	15948.54	31897.08	8406.85	943.79	57196.26	2023-01-08 12:51:09.115+04	2023-01-08 12:51:09.115+04	1	18	3	4
10	2-726/2021	2021-03-25	\N	\N	5000.00	15000.00	2120.55	431.81	22552.36	2023-01-08 14:03:10.047+04	2023-01-08 14:03:10.047+04	1	19	4	4
11	2-2313/2022	2022-10-14	\N	\N	15000.00	31952.06	5547.94	887.50	53387.50	2023-03-02 16:24:40.753+04	2023-03-02 16:24:40.753+04	1	20	5	4
12	2-2312/2022	2012-10-14	\N	\N	5000.00	10310.96	2189.04	350.00	17850.00	2023-03-02 17:24:48.112+04	2023-03-02 17:24:48.112+04	1	21	2	4
13	2-2311/2022	2022-10-14	\N	\N	7000.00	15464.38	2035.62	467.50	24967.50	2023-03-02 18:51:41.837+04	2023-03-02 18:51:41.837+04	1	22	6	4
14	2-2248/2022	2022-10-04	\N	\N	1500.00	2847.22	152.78	200.00	4700.00	2023-03-02 19:02:10.217+04	2023-03-02 19:02:10.217+04	1	23	5	4
15	2-2249/2022	2022-10-04	\N	\N	4900.00	9303.89	496.11	294.00	14994.00	2023-03-02 19:35:35.392+04	2023-03-02 19:35:35.392+04	1	24	5	4
16	2-2250/2022	2022-10-04	\N	\N	2964.00	4291.43	1708.57	200.00	9164.00	2023-03-02 19:43:08.435+04	2023-03-02 19:43:08.435+04	1	25	5	4
17	2-2251/2022	2022-10-04	\N	\N	2852.09	4316.87	1683.13	200.00	9052.09	2023-03-02 19:50:13.355+04	2023-03-02 19:50:13.355+04	1	26	5	4
18	2-2143/2020	2020-09-09	\N	\N	10000.00	30000.00	4260.29	763.05	45023.34	2023-03-15 17:53:39.512+04	2023-03-15 17:53:39.512+04	1	31	7	4
\.


--
-- Data for Name: jurisdictions; Type: TABLE DATA; Schema: public; Owner: postgres
--

COPY public.jurisdictions (id, "createdAt", "updatedAt", "courtId", "cityId", "streetId", "regionId") FROM stdin;
\.


--
-- Data for Name: messages; Type: TABLE DATA; Schema: public; Owner: postgres
--

COPY public.messages (id, date, "time", text, "createdAt", "updatedAt", "userId") FROM stdin;
\.


--
-- Data for Name: passportTypes; Type: TABLE DATA; Schema: public; Owner: postgres
--

COPY public."passportTypes" (id, name) FROM stdin;
1	Паспорт гражданина РФ
2	Паспорт иностранного гражданина
3	Заграничный паспорт гражданина РФ
4	Вид на жительство на территории РФ
5	Свидетельство о предоставлении убежища в РФ
\.


--
-- Data for Name: passports; Type: TABLE DATA; Schema: public; Owner: postgres
--

COPY public.passports (id, series, number, issued_by, issued_date, gov_unit_code, "createdAt", "updatedAt", "typeId", "debtorId", "groupId") FROM stdin;
1	9403	243067	Вавожским РОВД Удмуртской Республики	2003-06-19	182-012	2022-12-24 16:18:52.17+04	2022-12-24 16:18:52.17+04	1	1	1
2	9414	412126	ОУФМС РФ по УР в тестовом районе г. Теста	2001-01-21	180-005	2023-01-02 09:26:10.266+04	2023-01-02 09:26:10.266+04	1	2	1
3	9403	159398	Первомайским РОВД гор. Ижевска	2003-04-14	182-005	2023-01-05 15:37:38.496+04	2023-01-05 15:37:38.496+04	1	3	1
4	9412	283781	Отделом УФМС России по Удмуртской республике в Индустриальном р-не гор. Ижевска	2013-01-10	180-002	2023-01-05 16:15:53.455+04	2023-01-05 16:15:53.455+04	1	4	1
5	9414	465232	Отделом УФМС России по Удмуртской республике в Ленинском р-не гор. Ижевска	2014-12-26	180-004	2023-01-05 16:55:44.979+04	2023-01-05 16:55:44.979+04	1	5	1
6	9408	970659	Отделом УФМС России по Удмуртской республике в Устиновском р-не гор. Ижевска	2009-02-16	180-003	2023-01-06 15:43:31.74+04	2023-01-06 15:43:31.74+04	1	6	1
7	9415	504409	неизвестно	2001-01-01	000-000	2023-01-06 16:47:34.371+04	2023-01-06 16:47:34.371+04	1	7	1
8	9405	692228	Отделом внутренних дел устиновского района г. Ижевска	2006-07-04	182-002	2023-01-08 10:57:26.304+04	2023-01-08 10:57:26.304+04	1	8	1
9	9414	431785	Отделением УФМС России по Удмуртской республике в Завьяловском районе	2014-07-03	180-016	2023-01-08 11:28:32.653+04	2023-01-08 11:28:32.653+04	1	9	1
10	9405	677205	Отделом внутренних дел Первомайского района гор. Ижевска	2006-03-21	182-005	2023-01-08 12:12:30.615+04	2023-01-08 12:12:30.615+04	1	10	1
11	9404	513278	отделом Внутренних дел Первомайского района гор. Ижевска	2004-12-20	182-005	2023-01-08 12:31:08.739+04	2023-01-08 12:31:08.739+04	1	11	1
12	9410	115641	ТП в с. Селты МО УФМС России по Удмуртской республике в ПГТ Ува	2010-10-01	180-025	2023-01-08 12:43:43.551+04	2023-01-08 12:43:43.551+04	1	12	1
13	9410	160531	ОУФМС России по УР в Устиновском р-не гор. Ижевска	1964-03-01	180-003	2023-03-02 14:46:37.747+04	2023-03-02 14:46:37.747+04	1	14	1
14	9417	646165	Отделом УФМС России по Удмуртской республике в Первомайском р-не гор. Ижевска	2017-07-13	180-006	2023-03-02 17:21:13.095+04	2023-03-02 17:21:13.095+04	1	15	1
15	9405	612466	ОТДЕЛОМ ВНУТРЕННИХ ДЕЛ ИНДУСТРИАЛЬНОГО РАЙОНА ГОР. ИЖЕВСКА	2005-09-22	182-001	2023-03-15 13:44:04.704+04	2023-03-15 13:44:04.704+04	1	21	1
16	9412	323500	МО УФМС России по Удмуртской республике в гор. Можге	2013-04-29	180-009	2023-03-15 17:00:45.625+04	2023-03-15 17:00:45.625+04	1	22	1
\.


--
-- Data for Name: payments; Type: TABLE DATA; Schema: public; Owner: postgres
--

COPY public.payments (id, sum, percents, penalties, main, date, "createdAt", "updatedAt", "contractId") FROM stdin;
5	1500.00	1500.00	0.00	0.00	2020-01-22	2023-01-05 11:55:14.697+04	2023-01-05 11:55:48.987+04	6
6	2000.00	1700.00	0.00	300.00	2020-02-25	2023-01-05 11:55:27.107+04	2023-01-05 11:55:48.989+04	6
7	2210.00	2162.00	0.00	48.00	2020-04-11	2023-01-05 11:55:37.731+04	2023-01-05 11:55:48.99+04	6
8	2010.00	1953.84	0.00	56.16	2020-05-23	2023-01-05 11:55:48.993+04	2023-01-05 11:55:48.993+04	6
9	3316.50	3300.00	0.00	16.50	2020-05-26	2023-01-05 15:51:11.344+04	2023-01-05 15:51:11.344+04	8
10	2000.00	1800.00	0.00	200.00	2020-11-13	2023-01-05 16:19:04.492+04	2023-01-05 16:19:04.492+04	9
11	1500.00	1500.00	0.00	0.00	2020-10-15	2023-01-05 17:00:45.066+04	2023-01-05 17:01:14.461+04	10
12	1450.00	1450.00	0.00	0.00	2020-11-13	2023-01-05 17:00:59.099+04	2023-01-05 17:01:14.464+04	10
13	1450.00	1450.00	0.00	0.00	2020-12-12	2023-01-05 17:01:14.465+04	2023-01-05 17:01:14.465+04	10
14	3000.00	2344.64	0.00	655.36	2018-03-06	2023-01-06 15:49:45.465+04	2023-01-06 15:49:45.465+04	12
15	2800.00	2800.00	0.00	0.00	2020-11-30	2023-03-15 14:02:23.503+04	2023-03-15 14:08:13.28+04	27
16	2500.00	2500.00	0.00	0.00	2020-12-25	2023-03-15 14:02:35.733+04	2023-03-15 14:08:13.283+04	27
17	3111.00	3100.00	0.00	11.00	2021-01-25	2023-03-15 14:05:47.106+04	2023-03-15 14:08:13.285+04	27
18	7000.00	5993.40	0.00	1006.60	2021-03-26	2023-03-15 14:06:01.528+04	2023-03-15 14:08:13.287+04	27
19	4600.00	4600.00	0.00	0.00	2021-05-14	2023-03-15 14:08:13.289+04	2023-03-15 14:08:13.289+04	27
20	1500.00	1500.00	0.00	0.00	2020-10-14	2023-03-15 17:32:14.768+04	2023-03-15 17:32:47.76+04	30
21	1500.00	1500.00	0.00	0.00	2020-11-13	2023-03-15 17:32:23.509+04	2023-03-15 17:32:47.763+04	30
22	2900.00	1750.00	0.00	1150.00	2020-12-18	2023-03-15 17:32:32.083+04	2023-03-15 17:32:47.766+04	30
23	1600.00	1540.00	0.00	60.00	2021-01-27	2023-03-15 17:32:47.769+04	2023-03-15 17:32:47.769+04	30
\.


--
-- Data for Name: tasks; Type: TABLE DATA; Schema: public; Owner: postgres
--

COPY public.tasks (id, name, "time", description, "isImportant", "createdAt", "updatedAt", "creatorId") FROM stdin;
\.


--
-- Data for Name: tokens; Type: TABLE DATA; Schema: public; Owner: postgres
--

COPY public.tokens (id, token, "userId") FROM stdin;
2	eyJhbGciOiJIUzI1NiIsInR5cCI6IkpXVCJ9.eyJpZCI6MSwiZW1haWwiOiJtci5qYW0xOEB5YW5kZXgucnUiLCJncm91cElkIjoxLCJpYXQiOjE2Nzg4ODg3NjIsImV4cCI6MTY3OTc1Mjc2Mn0.TDcMBfhCp3ol8bKsBtyTMPSR7VlidOuyBoZ_P25MRTs	1
\.


--
-- Data for Name: usersInTasks; Type: TABLE DATA; Schema: public; Owner: postgres
--

COPY public."usersInTasks" (id, "executorId", "taskId") FROM stdin;
\.


--
-- Name: actionObjects_id_seq; Type: SEQUENCE SET; Schema: public; Owner: postgres
--

SELECT pg_catalog.setval('public."actionObjects_id_seq"', 1, false);


--
-- Name: actionTypes_id_seq; Type: SEQUENCE SET; Schema: public; Owner: postgres
--

SELECT pg_catalog.setval('public."actionTypes_id_seq"', 1, false);


--
-- Name: actions_id_seq; Type: SEQUENCE SET; Schema: public; Owner: postgres
--

SELECT pg_catalog.setval('public.actions_id_seq', 188, true);


--
-- Name: agents_id_seq; Type: SEQUENCE SET; Schema: public; Owner: postgres
--

SELECT pg_catalog.setval('public.agents_id_seq', 1, true);


--
-- Name: areas_id_seq; Type: SEQUENCE SET; Schema: public; Owner: postgres
--

SELECT pg_catalog.setval('public.areas_id_seq', 1, true);


--
-- Name: bailiffs_id_seq; Type: SEQUENCE SET; Schema: public; Owner: postgres
--

SELECT pg_catalog.setval('public.bailiffs_id_seq', 7, true);


--
-- Name: bankRequisites_id_seq; Type: SEQUENCE SET; Schema: public; Owner: postgres
--

SELECT pg_catalog.setval('public."bankRequisites_id_seq"', 1, true);


--
-- Name: block_types_id_seq; Type: SEQUENCE SET; Schema: public; Owner: postgres
--

SELECT pg_catalog.setval('public.block_types_id_seq', 1, true);


--
-- Name: cessionsEnclosures_id_seq; Type: SEQUENCE SET; Schema: public; Owner: postgres
--

SELECT pg_catalog.setval('public."cessionsEnclosures_id_seq"', 20, true);


--
-- Name: cessionsInfo_id_seq; Type: SEQUENCE SET; Schema: public; Owner: postgres
--

SELECT pg_catalog.setval('public."cessionsInfo_id_seq"', 9, true);


--
-- Name: cessions_id_seq; Type: SEQUENCE SET; Schema: public; Owner: postgres
--

SELECT pg_catalog.setval('public.cessions_id_seq', 8, true);


--
-- Name: cities_id_seq; Type: SEQUENCE SET; Schema: public; Owner: postgres
--

SELECT pg_catalog.setval('public.cities_id_seq', 6, true);


--
-- Name: city_types_id_seq; Type: SEQUENCE SET; Schema: public; Owner: postgres
--

SELECT pg_catalog.setval('public.city_types_id_seq', 3, true);


--
-- Name: contract_types_id_seq; Type: SEQUENCE SET; Schema: public; Owner: postgres
--

SELECT pg_catalog.setval('public.contract_types_id_seq', 1, false);


--
-- Name: contracts_id_seq; Type: SEQUENCE SET; Schema: public; Owner: postgres
--

SELECT pg_catalog.setval('public.contracts_id_seq', 31, true);


--
-- Name: courtClaimsStatuses_id_seq; Type: SEQUENCE SET; Schema: public; Owner: postgres
--

SELECT pg_catalog.setval('public."courtClaimsStatuses_id_seq"', 1, false);


--
-- Name: courtClaimsTypes_id_seq; Type: SEQUENCE SET; Schema: public; Owner: postgres
--

SELECT pg_catalog.setval('public."courtClaimsTypes_id_seq"', 1, false);


--
-- Name: courtClaims_id_seq; Type: SEQUENCE SET; Schema: public; Owner: postgres
--

SELECT pg_catalog.setval('public."courtClaims_id_seq"', 1, false);


--
-- Name: court_levels_id_seq; Type: SEQUENCE SET; Schema: public; Owner: postgres
--

SELECT pg_catalog.setval('public.court_levels_id_seq', 1, false);


--
-- Name: court_types_id_seq; Type: SEQUENCE SET; Schema: public; Owner: postgres
--

SELECT pg_catalog.setval('public.court_types_id_seq', 1, false);


--
-- Name: courts_id_seq; Type: SEQUENCE SET; Schema: public; Owner: postgres
--

SELECT pg_catalog.setval('public.courts_id_seq', 4, true);


--
-- Name: creditorTypes_id_seq; Type: SEQUENCE SET; Schema: public; Owner: postgres
--

SELECT pg_catalog.setval('public."creditorTypes_id_seq"', 1, false);


--
-- Name: creditors_id_seq; Type: SEQUENCE SET; Schema: public; Owner: postgres
--

SELECT pg_catalog.setval('public.creditors_id_seq', 26, true);


--
-- Name: debtors_id_seq; Type: SEQUENCE SET; Schema: public; Owner: postgres
--

SELECT pg_catalog.setval('public.debtors_id_seq', 23, true);


--
-- Name: executiveDocTypes_id_seq; Type: SEQUENCE SET; Schema: public; Owner: postgres
--

SELECT pg_catalog.setval('public."executiveDocTypes_id_seq"', 1, false);


--
-- Name: executiveDocs_id_seq; Type: SEQUENCE SET; Schema: public; Owner: postgres
--

SELECT pg_catalog.setval('public."executiveDocs_id_seq"', 18, true);


--
-- Name: flat_types_id_seq; Type: SEQUENCE SET; Schema: public; Owner: postgres
--

SELECT pg_catalog.setval('public.flat_types_id_seq', 2, true);


--
-- Name: groups_id_seq; Type: SEQUENCE SET; Schema: public; Owner: postgres
--

SELECT pg_catalog.setval('public.groups_id_seq', 1, true);


--
-- Name: house_types_id_seq; Type: SEQUENCE SET; Schema: public; Owner: postgres
--

SELECT pg_catalog.setval('public.house_types_id_seq', 1, true);


--
-- Name: jurisdictions_id_seq; Type: SEQUENCE SET; Schema: public; Owner: postgres
--

SELECT pg_catalog.setval('public.jurisdictions_id_seq', 1, false);


--
-- Name: messages_id_seq; Type: SEQUENCE SET; Schema: public; Owner: postgres
--

SELECT pg_catalog.setval('public.messages_id_seq', 1, false);


--
-- Name: passportTypes_id_seq; Type: SEQUENCE SET; Schema: public; Owner: postgres
--

SELECT pg_catalog.setval('public."passportTypes_id_seq"', 1, false);


--
-- Name: passports_id_seq; Type: SEQUENCE SET; Schema: public; Owner: postgres
--

SELECT pg_catalog.setval('public.passports_id_seq', 16, true);


--
-- Name: payments_id_seq; Type: SEQUENCE SET; Schema: public; Owner: postgres
--

SELECT pg_catalog.setval('public.payments_id_seq', 23, true);


--
-- Name: region_types_id_seq; Type: SEQUENCE SET; Schema: public; Owner: postgres
--

SELECT pg_catalog.setval('public.region_types_id_seq', 3, true);


--
-- Name: regions_id_seq; Type: SEQUENCE SET; Schema: public; Owner: postgres
--

SELECT pg_catalog.setval('public.regions_id_seq', 3, true);


--
-- Name: requisites_id_seq; Type: SEQUENCE SET; Schema: public; Owner: postgres
--

SELECT pg_catalog.setval('public.requisites_id_seq', 5, true);


--
-- Name: statuses_id_seq; Type: SEQUENCE SET; Schema: public; Owner: postgres
--

SELECT pg_catalog.setval('public.statuses_id_seq', 1, false);


--
-- Name: street_types_id_seq; Type: SEQUENCE SET; Schema: public; Owner: postgres
--

SELECT pg_catalog.setval('public.street_types_id_seq', 3, true);


--
-- Name: streets_id_seq; Type: SEQUENCE SET; Schema: public; Owner: postgres
--

SELECT pg_catalog.setval('public.streets_id_seq', 30, true);


--
-- Name: tasks_id_seq; Type: SEQUENCE SET; Schema: public; Owner: postgres
--

SELECT pg_catalog.setval('public.tasks_id_seq', 1, false);


--
-- Name: tokens_id_seq; Type: SEQUENCE SET; Schema: public; Owner: postgres
--

SELECT pg_catalog.setval('public.tokens_id_seq', 2, true);


--
-- Name: usersInTasks_id_seq; Type: SEQUENCE SET; Schema: public; Owner: postgres
--

SELECT pg_catalog.setval('public."usersInTasks_id_seq"', 1, false);


--
-- Name: users_id_seq; Type: SEQUENCE SET; Schema: public; Owner: postgres
--

SELECT pg_catalog.setval('public.users_id_seq', 1, true);


--
-- PostgreSQL database dump complete
--

